"ts4"	"ss"	"ts1"	"ts2"
"gene1"	4	5	2.33333333333333	3
"gene2"	9	10	7.33333333333333	8
